Keyword,Intent
อาการของโรคนี้,in_อาการโควิด
อาการของโรคโควิด,in_อาการโควิด
โควิดมีอาการยังไง,in_อาการโควิด
จะมีอาการอะไรบ้าง,in_อาการโควิด
อาการโรคโควิด,in_อาการโควิด
อาการเบื้องต้นเป็นยังไง,in_อาการโควิด
สังเกตุอาการได้จากอะไรมั่ง,in_อาการโควิด
อาการของโรคโควิด19,in_อาการโควิด
คนที่ติดเชื้อจะมีอาการยังไงบ้าง,in_อาการโควิด
อาการของผู้ที่ติดเชื้อ covid-19,in_อาการโควิด
ผู้ที่ติดเชื้อโควิด จะมีอาการอย่างไรคะ,in_อาการโควิด
อาการของคนที่เป็นโรคนี้,in_อาการโควิด
จะรู้ได้ยังไงว่าเป็นโควิดหรือไม่,in_อาการโควิด
อาการทั่วไปของโรคโควิด19,in_อาการโควิด
อาการต่างๆของผู้ที่ติดเชื้อ,in_อาการโควิด
เป็นโควิดต้องมีอาการใดบ้าง,in_อาการโควิด
คนที่เป็นโควิด19 จะมีลักษณะยังไง,in_อาการโควิด
โควิดอันตรายไหม,in_ความอันตรายของโควิด
มันอันตรายถึงขั้นไหน,in_ความอันตรายของโควิด
ความอันตรายของโควิด19,in_ความอันตรายของโควิด
โรคนี้อันตรายขนาดไหน,in_ความอันตรายของโควิด
อยากรู้ว่ามันอันตรายไหม,in_ความอันตรายของโควิด
โควิด19อันตรายขนาดไหนอะ,in_ความอันตรายของโควิด
จะอันตรายขนาดไหน,in_ความอันตรายของโควิด
ความน่ากลัวของโควิด,in_ความอันตรายของโควิด
สามารถมองเห็นด้วยตาเปล่าไหม,in_ขนาดของโควิด
เรามองเห็นเชื้อตัวนี้ไหม,in_ขนาดของโควิด
ไวรัสตัวนี้สามารถมองเห็นได้ไหม,in_ขนาดของโควิด
เชื้อตัวนี้สามารถมองเห็นได้ไหม,in_ขนาดของโควิด
มองด้วยตาได้ไหม,in_ขนาดของโควิด
สามารถเห็นด้วยตาได้ไหม,in_ขนาดของโควิด
มันเล็กขนาดไหน,in_ขนาดของโควิด
เราจะมองเห็นเชื้อไหม,in_ขนาดของโควิด
คนสามารถมองเห็นโควิดไหมอะ,in_ขนาดของโควิด
มันสามารถมองเห็นด้วยตาเปล่าไหม,in_ขนาดของโควิด
แสดงว่ามันเล็กมากๆเลย,in_ขนาดของโควิด
เชื้อนี้เรามองเห็นปะ,in_ขนาดของโควิด
อยากรู้ว่าตาคนเรามองเห็นไหม,in_ขนาดของโควิด
จะมองเห็นด้วยตาเปล่าไหม,in_ขนาดของโควิด
เราเห็นมันไหม,in_ขนาดของโควิด
โควิดมันเล็กเกินเราจะมองเห็น,in_ขนาดของโควิด
เชื้อโควิดแร่ทางไหน,in_การแพร่กระจายของโควิด
โรคนี้แพร่กระจายทางไหนได้มั่ง,in_การแพร่กระจายของโควิด
การแพร่กระจายของโรคนี้,in_การแพร่กระจายของโควิด
โควิดแพร่ได้ยังไง,in_การแพร่กระจายของโควิด
มันสามารถแพร่ได้ทางไหน,in_การแพร่กระจายของโควิด
การระบาดของโควิด,in_การแพร่กระจายของโควิด
โรคนี้ระบาดทางไหนบ้าง,in_การแพร่กระจายของโควิด
การแพร่ระบาดของโควิด,in_การแพร่กระจายของโควิด
โควิดแพร่ได้ทางไหน,in_การแพร่กระจายของโควิด
การแพร่ของเชื้อ,in_การแพร่กระจายของโควิด
ไวรัสตัวนี้แพร่กระจายทางไหน,in_การแพร่กระจายของโควิด
ทำไมต้องทำความสะอาดรถสาธารณะ,in_การทำความสะอาดรถ
การทำความสะอาดรถโดยสาร,in_การทำความสะอาดรถ
วิธีการทำความสะอาดรถโดยสาร,in_การทำความสะอาดรถ
จำเป็นต้องเช็ดรถไหม,in_การทำความสะอาดรถ
การรักษาความสะอาดรถโดยสาร,in_การทำความสะอาดรถ
ควรป้องกันยังไง,in_การป้องกันไม่ให้เชื้อแพร่
วิธีการป้องกัน,in_การป้องกันไม่ให้เชื้อแพร่
จะป้องกันกับสถานการณืแบบนี้ยังไง,in_การป้องกันไม่ให้เชื้อแพร่
หลีกเลี่ยงยังไง,in_การป้องกันไม่ให้เชื้อแพร่
ถ้ามีอาการ ป้องกันไงดี,in_การป้องกันไม่ให้เชื้อแพร่
จะป้องกันยังไงถ้ามีอาการ,in_การป้องกันไม่ให้เชื้อแพร่
สามารถป้องกันยังไง หากมีอาการ,in_การป้องกันไม่ให้เชื้อแพร่
เหมือนจะมีอาการควรป้องกันอย่างไร,in_การป้องกันไม่ให้เชื้อแพร่
วิธีป้องกันหากมีอาการ,in_การป้องกันไม่ให้เชื้อแพร่
ป้องกันไม่ให้เชื้อไปหาคนอื่นยังไง,in_การป้องกันไม่ให้เชื้อแพร่
ป้องกันเพื่อไม่ให้เชื้อไปหาคนอื่นยังไง,in_การป้องกันไม่ให้เชื้อแพร่
การป้องกันเชื้อไม่ให้แพร่กระจาย,in_การป้องกันไม่ให้เชื้อแพร่
จะทำไงไม่ให้เชื้อแพร่,in_การป้องกันไม่ให้เชื้อแพร่
มีวิธีที่ไม่ให้เชื้อแพร่ไปไหม,in_การป้องกันไม่ให้เชื้อแพร่
ป้องกันไม่ให้เชื้อแพร่,in_การป้องกันไม่ให้เชื้อแพร่
โรคนี้เกิดได้ไง,in_จุดเริ่มต้นของโควิด
เชื้อนี้มันมาจากไหน,in_จุดเริ่มต้นของโควิด
จุดกำเนิดของโควิด,in_จุดเริ่มต้นของโควิด
โควิดมันมาจากไหน,in_จุดเริ่มต้นของโควิด
มันมาได้ยังไง,in_จุดเริ่มต้นของโควิด
โรคโควิด มาได้ยังไง,in_จุดเริ่มต้นของโควิด
มัันเกิดมาจากที่ไหนหรอ,in_จุดเริ่มต้นของโควิด
มันคือไวรัสสายพันธุ์ใหม่หรอคะ,in_จุดเริ่มต้นของโควิด
ไวรัสสายพันธุ์ใหม่,in_จุดเริ่มต้นของโควิด
โควิดมันมาจากจีนหรอครับ,in_จุดเริ่มต้นของโควิด
ไวรัสตัวนี้มาจากที่ไหน,in_จุดเริ่มต้นของโควิด
แหล่งกำเนิดของโควิด,in_จุดเริ่มต้นของโควิด
โควิด19มาจากที่ใด,in_จุดเริ่มต้นของโควิด
ที่แรกที่พบของโรคนี้,in_จุดเริ่มต้นของโควิด
พบโควิดที่แรก คือที่ไหนอะ,in_จุดเริ่มต้นของโควิด
จุดเริ่มต้นของโรคนี้,in_จุดเริ่มต้นของโควิด
พบโรคนี้จากจีนเป็นที่แรกหรอ,in_จุดเริ่มต้นของโควิด
เจอโควิดที่แรกคือจีนใช่ไหม,in_จุดเริ่มต้นของโควิด
ที่แรกของโรคนี้,in_จุดเริ่มต้นของโควิด
จุดกำเนิดของโรคนี้มาจากไหน,in_จุดเริ่มต้นของโควิด
ประเทศแรกที่พบเจอ,in_จุดเริ่มต้นของโควิด
ที่ใดคือแหล่งกำเนิดของโควิด,in_จุดเริ่มต้นของโควิด
โรคนี้เหมือนกับโรคทางเดินหายใจตะวันออกกลางไหมคะ,in_โควิดกับโรคทางเดินหายใจตะวันออก
โคโรน่าเหมือนกับโรคทางเดินหายใจหรือป่าว,in_โควิดกับโรคทางเดินหายใจตะวันออก
เหมือนกับโรคทางเดินหายใจไหมอะ,in_โควิดกับโรคทางเดินหายใจตะวันออก
เหมือนกันกับโรคซาร์สไหมครับ,in_โควิดกับโรคทางเดินหายใจตะวันออก
โควิดเหมือนโรคซาร์สไหม,in_โควิดกับโรคทางเดินหายใจตะวันออก
โคโรน่ากับโรคซาร์สเหมือนกันไหมคะ,in_โควิดกับโรคทางเดินหายใจตะวันออก
อยากรู้ว่าโควิดกับโรคทางเดินหายใจนั้นเหมือนกันไหม,in_โควิดกับโรคทางเดินหายใจตะวันออก
มันเหมือนกับโรคซาร์ไหม,in_โควิดกับโรคทางเดินหายใจตะวันออก
ตัวเดียวกับโรคทางเดินหายใจป่าวคะ,in_โควิดกับโรคทางเดินหายใจตะวันออก
โควิดคือโรคทางเดินหายใจใช่ไหม,in_โควิดกับโรคทางเดินหายใจตะวันออก
โรคนี้มันคือโรคซาร์สใช่ไหมครับ,in_โควิดกับโรคทางเดินหายใจตะวันออก
อาการของคนที่ป่วยโรคนี้,in_อาการทั่วไปของโควิด
อาการของผู้ที่เป็นโรคนี้,in_อาการทั่วไปของโควิด
คนที่เป็นโรคนี้ จะมีอาการยังไง,in_อาการทั่วไปของโควิด
อาการทั่วไปมีอะไรบ้าง,in_อาการทั่วไปของโควิด
การแทรกซ้อนมีอะไรบ้าง,in_อาการทั่วไปของโควิด
หากมีอาการแทรกซ้อนอันตรายถึงชีวิตไหม,in_อาการทั่วไปของโควิด
อาการแทรกซ้อนอันตรายไหม,in_อาการทั่วไปของโควิด
ถ้ามีอาการแทรกซ้อนจะตายไหม,in_อาการทั่วไปของโควิด
ทุกคนมีโอกาสที่จะติดเชื้อในอัตราที่เท่ากันหรือไม่,in_ช่วงอายุกับการติดโรค
คนแก่มีโอกาสติดเชื้อมากกว่าวัยรุ่นหรือไม่,in_ช่วงอายุกับการติดโรค
ในช่วงอายุใดที่มีความเสี่ยงในการติดเชื้อมากที่สุด,in_ช่วงอายุกับการติดโรค
การติดเชื้อขึ้นอยู่กับช่วงอายุหรือไม่,in_ช่วงอายุกับการติดโรค
อายุนั้นมีผลต่อการติดเชื้อโควิดไหมคะ,in_ช่วงอายุกับการติดโรค
โรคนี้มีผลกับช่วงอายุของคนหรือไม่,in_ช่วงอายุกับการติดโรค
การติดโรคนี้ มีช่วงอายุเป็นปัจจัยหรือไม่ครับ,in_ช่วงอายุกับการติดโรค
ช่วงอายุมีผลต่อการติดเชื้อไหมครับ,in_ช่วงอายุกับการติดโรค
วัยรุ่นกับผู้สูงอายุมีโอกาสติดเชื้อต่างกันไหม,in_ช่วงอายุกับการติดโรค
โควิดสามารถแพร่ไปยังคนช่วงอายุใดมากสุด,in_ช่วงอายุกับการติดโรค
อายุมีผลต่อการติดเชื้อไหม,in_ช่วงอายุกับการติดโรค
คนที่มีอายุเยอะจะมีโอกาสติดมากกว่ามั้ย,in_ช่วงอายุกับการติดโรค
อายุนั้นเป็นปัจจัยในการติดเชื้อไหมคับ,in_ช่วงอายุกับการติดโรค
อยากรู้ว่าคนแก่เสี่ยงติดมากกว่าวัยรุ่นไหม,in_ช่วงอายุกับการติดโรค
การติดเชื้อนั้นเกี่ยวกับอายุไหม,in_ช่วงอายุกับการติดโรค
อายุเยอะเสี่ยงติดโรคมากกว่ารึป่าว,in_ช่วงอายุกับการติดโรค
การเดินทางโดยใช้รถสาธารณะ,in_ข้อแนะนำในการนั่งรถสาธารณะ
จะป้องกันยังไง เมื่อต้องนั่งรถไฟฟ้า,in_ข้อแนะนำในการนั่งรถสาธารณะ
วิธีป้องกันเมื่อต้องใช้รถสาธารณะ,in_ข้อแนะนำในการนั่งรถสาธารณะ
ต้องขึ้นรถเมล์ป้องกันยังไงดี,in_ข้อแนะนำในการนั่งรถสาธารณะ
ขึ้นรถสาธารณะยังไง ให้ปลอดภัย,in_ข้อแนะนำในการนั่งรถสาธารณะ
การใช้ bts อย่างปลอดภัย,in_ข้อแนะนำในการนั่งรถสาธารณะ
การใช้ mrt อย่างปลอดภัย,in_ข้อแนะนำในการนั่งรถสาธารณะ
จะป้องกันอย่างไรเมื่อต้องใช้รถสาธารณะ,in_ข้อแนะนำในการนั่งรถสาธารณะ
ใช้รถสาธารณะอย่างปลอดภัย,in_ข้อแนะนำในการนั่งรถสาธารณะ
การรักษาความสะอาดเมื่อขึ้นรถไฟฟ้า,in_ข้อแนะนำในการนั่งรถสาธารณะ
หากต้องใช้รถสาธารณะ มีวิธีแนะนำหรือไม่,in_ข้อแนะนำในการนั่งรถสาธารณะ
ข้อควรระวังในการใช้รถสาธารณะ,in_ข้อแนะนำในการนั่งรถสาธารณะ
แนะนำหน่อย หากต้องใช้รถโดยสาร,in_ข้อแนะนำในการนั่งรถสาธารณะ
ขึ้นรถโดยสารควรป้องกันยังไง,in_ข้อแนะนำในการนั่งรถสาธารณะ
ใช้รถโดยสารอย่างไรให้ปลอดภัย,in_ข้อแนะนำในการนั่งรถสาธารณะ
ป้องกันอย่างไรเมื่อต้องใช้รถโดยสาร,in_ข้อแนะนำในการนั่งรถสาธารณะ
ผู้ที่ป่วยด้วยโรคนี้มีโอกาสหายเองได้ไหม,in_เป็นแล้วหายเองได้หรือไม่
อัตราการหายเองเมื่อเป็นโควิดมีสูงไหม,in_เป็นแล้วหายเองได้หรือไม่
ถ้าติดเชื้อแล้วสามารถหายเองได้ไหม,in_เป็นแล้วหายเองได้หรือไม่
ถ้าเป็นโควิดมีโอกาสหายเองได้ไหม,in_เป็นแล้วหายเองได้หรือไม่
อยากรู้ว่าถ้าติดเชื้อโคโรน่าแล้วสามารถหายเองได้ไหม,in_เป็นแล้วหายเองได้หรือไม่
เราสามารถหายได้ด้วยตนเองไหม,in_เป็นแล้วหายเองได้หรือไม่
หากติดเชื้อจะหายได้เองไหมคะ,in_เป็นแล้วหายเองได้หรือไม่
เชื้อโควิดเมื่อติดแล้วสามารถหายเองได้หรือไม่,in_เป็นแล้วหายเองได้หรือไม่
คนที่ติดเชื้อนี้จะตายทุกคนไหมคะ,in_อัตราตายของโรค
ผู้ที่ติดเชื้อจะตายไหม,in_อัตราตายของโรค
หากติดเชื้อแล้วจะตายไหม,in_อัตราตายของโรค
เปอร์เซ็นต์การเสียชีวิตของคนที่เป็นโควิด,in_อัตราตายของโรค
อัตราการตายของคนที่เป็นโควิด,in_อัตราตายของโรค
เป็นโควิดแล้วจะตายไหมอะคะ,in_อัตราตายของโรค
อยากรู้ว่าถ้าติดเชื้อโคโรน่าแล้วจะตายไหม,in_อัตราตายของโรค
อัตราการเสียชีวิตของคนที่เป็นโรคนี้,in_อัตราตายของโรค
ถ้าเป็นโควิดมีโอกาสเสียชีวิตไหม,in_อัตราตายของโรค
ส่วนมากคนที่เสียชีวิตอยู่ในช่วงอายุใด,in_อัตราตายของโรค
เมื่อติดเชื้อแล้วจะอันตรายถึงชีวิตไหม,in_อัตราตายของโรค
คนที่เป็นโรคนี้จะตายไหมคะ,in_อัตราตายของโรค
จะตายไหมถ้าติดเชื้อโควิด,in_อัตราตายของโรค
อยากทราบว่า คนที่เป็นโควิดจะตายไหมอะคะ,in_อัตราตายของโรค
อัตราการตายของโรคนี้,in_อัตราตายของโรค
การเสียชีวิตของคนที่เป็นโควิดสูงไหม,in_อัตราตายของโรค
โรคนี้มีโอกาสเสียชีวิตสูงไหม,in_อัตราตายของโรค
เปอเซ็นการตายของคนที่เป็นโควิด,in_อัตราตายของโรค
คนที่เสียชีวิตส่วนมากอยู่ในช่วงอายุใด,in_อัตราตายของโรค
ปอดที่ติดเชื้อโควิด จะถูกทำลายเสียหายทุกคนไหม,in_ปอดเสียหายทุกคนหรือไม่
คนที่ติดเชื้อปอดจะถูกทำลายไหม,in_ปอดเสียหายทุกคนหรือไม่
ปอดของคนที่เป็นโควิดจะพังไหมอ่าครับ,in_ปอดเสียหายทุกคนหรือไม่
สามารถฟื้นฟูได้ไหมเมื่อติดโรค,in_ปอดเสียหายทุกคนหรือไม่
ปอดที่ติดเชื้อสามารถฟื้นฟูกลับมาได้ไหมคะ,in_ปอดเสียหายทุกคนหรือไม่
สามารถป้องกันได้ด้วยวิธีใด,in_แนะนำวิธีป้องกัน
เราจะป้องกันด้วยวิธีใดได้มั่ง,in_แนะนำวิธีป้องกัน
การป้องกัน,in_แนะนำวิธีป้องกัน
จะป้องกันโรคนี้ ควรทำยังไง,in_แนะนำวิธีป้องกัน
การใส่หน้ากากช่วยได้ไหม,in_แนะนำวิธีป้องกัน
หน้ากาอนามัยป้องกันได้ไหม,in_แนะนำวิธีป้องกัน
การใช้หน้ากากอนามัย ช่วยป้องกันได้หรือไม่,in_แนะนำวิธีป้องกัน
การสวมหน้ากาอนามัยจะช่วยได้จริงไหม,in_แนะนำวิธีป้องกัน
ลดความเสี่ยงโดยการใช้หน้ากาก,in_แนะนำวิธีป้องกัน
หน้ากากจะช่วยลดความเสี่ยงได้หรือไม่,in_แนะนำวิธีป้องกัน
